record_type,scenario_name,group_hierarchy,request_name,status,start_timestamp,end_timestamp,response_time_ms,error_message,event_type,duration_ms,cumulated_response_time_ms,is_incoming
user,Single Events,,,,1759484745576,,,,start,,,
user,Single Events,,,,1759484781815,,,,end,,,
request,,,Login,OK,1759484745588,1759484745909,321,,,,,false
request,,,Go to first page of program VBqh0ynB2wv,OK,1759484745926,1759484746786,860,,,,,false
request,,,Go to second page of program VBqh0ynB2wv,OK,1759484746787,1759484747043,256,,,,,false
request,,,Go back to first page of program VBqh0ynB2wv,OK,1759484747043,1759484747292,249,,,,,false
request,,,Get first event,OK,1759484747340,1759484747479,139,,,,,false
request,,,Get relationships for first event,OK,1759484747479,1759484747519,40,,,,,false
request,,,Go to first page of program VBqh0ynB2wv,OK,1759484747520,1759484747764,244,,,,,false
request,,,Go to second page of program VBqh0ynB2wv,OK,1759484747765,1759484748025,260,,,,,false
request,,,Go back to first page of program VBqh0ynB2wv,OK,1759484748026,1759484748263,237,,,,,false
request,,,Get first event,OK,1759484748266,1759484748330,64,,,,,false
request,,,Get relationships for first event,OK,1759484748331,1759484748341,10,,,,,false
request,,,Go to first page of program VBqh0ynB2wv,OK,1759484748342,1759484748591,249,,,,,false
request,,,Go to second page of program VBqh0ynB2wv,OK,1759484748591,1759484748827,236,,,,,false
request,,,Go back to first page of program VBqh0ynB2wv,OK,1759484748827,1759484749076,249,,,,,false
request,,,Get first event,OK,1759484749078,1759484749146,68,,,,,false
request,,,Get relationships for first event,OK,1759484749147,1759484749158,11,,,,,false
request,,,Go to first page of program VBqh0ynB2wv,OK,1759484749158,1759484749407,249,,,,,false
request,,,Go to second page of program VBqh0ynB2wv,OK,1759484749408,1759484749641,233,,,,,false
request,,,Go back to first page of program VBqh0ynB2wv,OK,1759484749641,1759484749871,230,,,,,false
request,,,Get first event,OK,1759484749872,1759484749922,50,,,,,false
request,,,Get relationships for first event,OK,1759484749922,1759484749936,14,,,,,false
request,,,Go to first page of program VBqh0ynB2wv,OK,1759484749936,1759484750166,230,,,,,false
request,,,Go to second page of program VBqh0ynB2wv,OK,1759484750167,1759484750396,229,,,,,false
request,,,Go back to first page of program VBqh0ynB2wv,OK,1759484750397,1759484750634,237,,,,,false
request,,,Get first event,OK,1759484750635,1759484750685,50,,,,,false
request,,,Get relationships for first event,OK,1759484750686,1759484750697,11,,,,,false
request,,,Go to first page of program VBqh0ynB2wv,OK,1759484750697,1759484750955,258,,,,,false
request,,,Go to second page of program VBqh0ynB2wv,OK,1759484750956,1759484751189,233,,,,,false
request,,,Go back to first page of program VBqh0ynB2wv,OK,1759484751189,1759484751469,280,,,,,false
request,,,Get first event,OK,1759484751476,1759484751534,58,,,,,false
request,,,Get relationships for first event,OK,1759484751535,1759484751544,9,,,,,false
request,,,Go to first page of program VBqh0ynB2wv,OK,1759484751545,1759484751784,239,,,,,false
request,,,Go to second page of program VBqh0ynB2wv,OK,1759484751785,1759484752020,235,,,,,false
request,,,Go back to first page of program VBqh0ynB2wv,OK,1759484752021,1759484752259,238,,,,,false
request,,,Get first event,OK,1759484752260,1759484752303,43,,,,,false
request,,,Get relationships for first event,OK,1759484752304,1759484752313,9,,,,,false
request,,,Go to first page of program VBqh0ynB2wv,OK,1759484752313,1759484752556,243,,,,,false
request,,,Go to second page of program VBqh0ynB2wv,OK,1759484752557,1759484752796,239,,,,,false
request,,,Go back to first page of program VBqh0ynB2wv,OK,1759484752796,1759484753037,241,,,,,false
request,,,Get first event,OK,1759484753038,1759484753092,54,,,,,false
request,,,Get relationships for first event,OK,1759484753092,1759484753101,9,,,,,false
request,,,Go to first page of program VBqh0ynB2wv,OK,1759484753101,1759484753340,239,,,,,false
request,,,Go to second page of program VBqh0ynB2wv,OK,1759484753341,1759484753580,239,,,,,false
request,,,Go back to first page of program VBqh0ynB2wv,OK,1759484753581,1759484753822,241,,,,,false
request,,,Get first event,OK,1759484753823,1759484753868,45,,,,,false
request,,,Get relationships for first event,OK,1759484753868,1759484753877,9,,,,,false
request,,,Go to first page of program VBqh0ynB2wv,OK,1759484753877,1759484754107,230,,,,,false
request,,,Go to second page of program VBqh0ynB2wv,OK,1759484754108,1759484754334,226,,,,,false
request,,,Go back to first page of program VBqh0ynB2wv,OK,1759484754335,1759484754584,249,,,,,false
request,,,Get first event,OK,1759484754585,1759484754625,40,,,,,false
request,,,Get relationships for first event,OK,1759484754625,1759484754632,7,,,,,false
request,,,Go to first page of program VBqh0ynB2wv,OK,1759484754633,1759484754852,219,,,,,false
request,,,Go to second page of program VBqh0ynB2wv,OK,1759484754853,1759484755073,220,,,,,false
request,,,Go back to first page of program VBqh0ynB2wv,OK,1759484755073,1759484755292,219,,,,,false
request,,,Get first event,OK,1759484755293,1759484755316,23,,,,,false
request,,,Get relationships for first event,OK,1759484755316,1759484755325,9,,,,,false
request,,,Go to first page of program VBqh0ynB2wv,OK,1759484755326,1759484755567,241,,,,,false
request,,,Go to second page of program VBqh0ynB2wv,OK,1759484755568,1759484755804,236,,,,,false
request,,,Go back to first page of program VBqh0ynB2wv,OK,1759484755804,1759484756031,227,,,,,false
request,,,Get first event,OK,1759484756032,1759484756053,21,,,,,false
request,,,Get relationships for first event,OK,1759484756053,1759484756060,7,,,,,false
request,,,Go to first page of program VBqh0ynB2wv,OK,1759484756060,1759484756283,223,,,,,false
request,,,Go to second page of program VBqh0ynB2wv,OK,1759484756284,1759484756508,224,,,,,false
request,,,Go back to first page of program VBqh0ynB2wv,OK,1759484756508,1759484756729,221,,,,,false
request,,,Get first event,OK,1759484756730,1759484756751,21,,,,,false
request,,,Get relationships for first event,OK,1759484756751,1759484756758,7,,,,,false
request,,,Go to first page of program VBqh0ynB2wv,OK,1759484756758,1759484756978,220,,,,,false
request,,,Go to second page of program VBqh0ynB2wv,OK,1759484756979,1759484757201,222,,,,,false
request,,,Go back to first page of program VBqh0ynB2wv,OK,1759484757201,1759484757421,220,,,,,false
request,,,Get first event,OK,1759484757422,1759484757444,22,,,,,false
request,,,Get relationships for first event,OK,1759484757444,1759484757453,9,,,,,false
request,,,Go to first page of program VBqh0ynB2wv,OK,1759484757454,1759484757695,241,,,,,false
request,,,Go to second page of program VBqh0ynB2wv,OK,1759484757696,1759484757915,219,,,,,false
request,,,Go back to first page of program VBqh0ynB2wv,OK,1759484757916,1759484758134,218,,,,,false
request,,,Get first event,OK,1759484758135,1759484758158,23,,,,,false
request,,,Get relationships for first event,OK,1759484758158,1759484758166,8,,,,,false
request,,,Go to first page of program VBqh0ynB2wv,OK,1759484758167,1759484758388,221,,,,,false
request,,,Go to second page of program VBqh0ynB2wv,OK,1759484758388,1759484758606,218,,,,,false
request,,,Go back to first page of program VBqh0ynB2wv,OK,1759484758606,1759484758828,222,,,,,false
request,,,Get first event,OK,1759484758829,1759484758853,24,,,,,false
request,,,Get relationships for first event,OK,1759484758853,1759484758865,12,,,,,false
request,,,Go to first page of program VBqh0ynB2wv,OK,1759484758865,1759484759087,222,,,,,false
request,,,Go to second page of program VBqh0ynB2wv,OK,1759484759088,1759484759307,219,,,,,false
request,,,Go back to first page of program VBqh0ynB2wv,OK,1759484759308,1759484759528,220,,,,,false
request,,,Get first event,OK,1759484759529,1759484759549,20,,,,,false
request,,,Get relationships for first event,OK,1759484759550,1759484759557,7,,,,,false
request,,,Go to first page of program VBqh0ynB2wv,OK,1759484759557,1759484759781,224,,,,,false
request,,,Go to second page of program VBqh0ynB2wv,OK,1759484759782,1759484760000,218,,,,,false
request,,,Go back to first page of program VBqh0ynB2wv,OK,1759484760001,1759484760236,235,,,,,false
request,,,Get first event,OK,1759484760238,1759484760259,21,,,,,false
request,,,Get relationships for first event,OK,1759484760260,1759484760266,6,,,,,false
request,,,Go to first page of program VBqh0ynB2wv,OK,1759484760266,1759484760497,231,,,,,false
request,,,Go to second page of program VBqh0ynB2wv,OK,1759484760498,1759484760717,219,,,,,false
request,,,Go back to first page of program VBqh0ynB2wv,OK,1759484760717,1759484760936,219,,,,,false
request,,,Get first event,OK,1759484760938,1759484760958,20,,,,,false
request,,,Get relationships for first event,OK,1759484760958,1759484760965,7,,,,,false
request,,,Go to first page of program VBqh0ynB2wv,OK,1759484760965,1759484761196,231,,,,,false
request,,,Go to second page of program VBqh0ynB2wv,OK,1759484761197,1759484761438,241,,,,,false
request,,,Go back to first page of program VBqh0ynB2wv,OK,1759484761438,1759484761669,231,,,,,false
request,,,Get first event,OK,1759484761671,1759484761691,20,,,,,false
request,,,Get relationships for first event,OK,1759484761691,1759484761699,8,,,,,false
request,,,Go to first page of program VBqh0ynB2wv,OK,1759484761699,1759484761923,224,,,,,false
request,,,Go to second page of program VBqh0ynB2wv,OK,1759484761923,1759484762143,220,,,,,false
request,,,Go back to first page of program VBqh0ynB2wv,OK,1759484762144,1759484762361,217,,,,,false
request,,,Get first event,OK,1759484762363,1759484762381,18,,,,,false
request,,,Get relationships for first event,OK,1759484762381,1759484762387,6,,,,,false
request,,,Go to first page of program VBqh0ynB2wv,OK,1759484762388,1759484762623,235,,,,,false
request,,,Go to second page of program VBqh0ynB2wv,OK,1759484762624,1759484762850,226,,,,,false
request,,,Go back to first page of program VBqh0ynB2wv,OK,1759484762851,1759484763076,225,,,,,false
request,,,Get first event,OK,1759484763077,1759484763097,20,,,,,false
request,,,Get relationships for first event,OK,1759484763098,1759484763106,8,,,,,false
request,,,Go to first page of program VBqh0ynB2wv,OK,1759484763107,1759484763333,226,,,,,false
request,,,Go to second page of program VBqh0ynB2wv,OK,1759484763333,1759484763559,226,,,,,false
request,,,Go back to first page of program VBqh0ynB2wv,OK,1759484763559,1759484763786,227,,,,,false
request,,,Get first event,OK,1759484763787,1759484763806,19,,,,,false
request,,,Get relationships for first event,OK,1759484763806,1759484763813,7,,,,,false
request,,,Go to first page of program VBqh0ynB2wv,OK,1759484763814,1759484764036,222,,,,,false
request,,,Go to second page of program VBqh0ynB2wv,OK,1759484764037,1759484764255,218,,,,,false
request,,,Go back to first page of program VBqh0ynB2wv,OK,1759484764255,1759484764474,219,,,,,false
request,,,Get first event,OK,1759484764475,1759484764494,19,,,,,false
request,,,Get relationships for first event,OK,1759484764494,1759484764500,6,,,,,false
request,,,Go to first page of program VBqh0ynB2wv,OK,1759484764501,1759484764719,218,,,,,false
request,,,Go to second page of program VBqh0ynB2wv,OK,1759484764719,1759484764940,221,,,,,false
request,,,Go back to first page of program VBqh0ynB2wv,OK,1759484764941,1759484765160,219,,,,,false
request,,,Get first event,OK,1759484765161,1759484765180,19,,,,,false
request,,,Get relationships for first event,OK,1759484765180,1759484765187,7,,,,,false
request,,,Go to first page of program VBqh0ynB2wv,OK,1759484765187,1759484765406,219,,,,,false
request,,,Go to second page of program VBqh0ynB2wv,OK,1759484765407,1759484765628,221,,,,,false
request,,,Go back to first page of program VBqh0ynB2wv,OK,1759484765628,1759484765847,219,,,,,false
request,,,Get first event,OK,1759484765848,1759484765867,19,,,,,false
request,,,Get relationships for first event,OK,1759484765867,1759484765873,6,,,,,false
request,,,Go to first page of program VBqh0ynB2wv,OK,1759484765874,1759484766093,219,,,,,false
request,,,Go to second page of program VBqh0ynB2wv,OK,1759484766093,1759484766316,223,,,,,false
request,,,Go back to first page of program VBqh0ynB2wv,OK,1759484766316,1759484766542,226,,,,,false
request,,,Get first event,OK,1759484766544,1759484766563,19,,,,,false
request,,,Get relationships for first event,OK,1759484766563,1759484766570,7,,,,,false
request,,,Go to first page of program VBqh0ynB2wv,OK,1759484766571,1759484766797,226,,,,,false
request,,,Go to second page of program VBqh0ynB2wv,OK,1759484766797,1759484767022,225,,,,,false
request,,,Go back to first page of program VBqh0ynB2wv,OK,1759484767022,1759484767077,55,,,,,false
request,,,Get first event,OK,1759484767079,1759484767101,22,,,,,false
request,,,Get relationships for first event,OK,1759484767101,1759484767107,6,,,,,false
request,,,Go to first page of program VBqh0ynB2wv,OK,1759484767108,1759484767159,51,,,,,false
request,,,Go to second page of program VBqh0ynB2wv,OK,1759484767160,1759484767243,83,,,,,false
request,,,Go back to first page of program VBqh0ynB2wv,OK,1759484767243,1759484767295,52,,,,,false
request,,,Get first event,OK,1759484767296,1759484767313,17,,,,,false
request,,,Get relationships for first event,OK,1759484767314,1759484767320,6,,,,,false
request,,,Go to first page of program VBqh0ynB2wv,OK,1759484767320,1759484767372,52,,,,,false
request,,,Go to second page of program VBqh0ynB2wv,OK,1759484767373,1759484767458,85,,,,,false
request,,,Go back to first page of program VBqh0ynB2wv,OK,1759484767459,1759484767515,56,,,,,false
request,,,Get first event,OK,1759484767517,1759484767535,18,,,,,false
request,,,Get relationships for first event,OK,1759484767535,1759484767541,6,,,,,false
request,,,Go to first page of program VBqh0ynB2wv,OK,1759484767542,1759484767593,51,,,,,false
request,,,Go to second page of program VBqh0ynB2wv,OK,1759484767594,1759484767694,100,,,,,false
request,,,Go back to first page of program VBqh0ynB2wv,OK,1759484767694,1759484767750,56,,,,,false
request,,,Get first event,OK,1759484767751,1759484767771,20,,,,,false
request,,,Get relationships for first event,OK,1759484767771,1759484767778,7,,,,,false
request,,,Go to first page of program VBqh0ynB2wv,OK,1759484767778,1759484767832,54,,,,,false
request,,,Go to second page of program VBqh0ynB2wv,OK,1759484767832,1759484767916,84,,,,,false
request,,,Go back to first page of program VBqh0ynB2wv,OK,1759484767916,1759484767972,56,,,,,false
request,,,Get first event,OK,1759484767973,1759484767998,25,,,,,false
request,,,Get relationships for first event,OK,1759484767999,1759484768005,6,,,,,false
request,,,Go to first page of program VBqh0ynB2wv,OK,1759484768006,1759484768066,60,,,,,false
request,,,Go to second page of program VBqh0ynB2wv,OK,1759484768067,1759484768156,89,,,,,false
request,,,Go back to first page of program VBqh0ynB2wv,OK,1759484768156,1759484768211,55,,,,,false
request,,,Get first event,OK,1759484768212,1759484768238,26,,,,,false
request,,,Get relationships for first event,OK,1759484768239,1759484768246,7,,,,,false
request,,,Go to first page of program VBqh0ynB2wv,OK,1759484768247,1759484768304,57,,,,,false
request,,,Go to second page of program VBqh0ynB2wv,OK,1759484768304,1759484768390,86,,,,,false
request,,,Go back to first page of program VBqh0ynB2wv,OK,1759484768390,1759484768443,53,,,,,false
request,,,Get first event,OK,1759484768444,1759484768462,18,,,,,false
request,,,Get relationships for first event,OK,1759484768463,1759484768469,6,,,,,false
request,,,Go to first page of program VBqh0ynB2wv,OK,1759484768470,1759484768525,55,,,,,false
request,,,Go to second page of program VBqh0ynB2wv,OK,1759484768525,1759484768605,80,,,,,false
request,,,Go back to first page of program VBqh0ynB2wv,OK,1759484768605,1759484768654,49,,,,,false
request,,,Get first event,OK,1759484768655,1759484768673,18,,,,,false
request,,,Get relationships for first event,OK,1759484768673,1759484768679,6,,,,,false
request,,,Go to first page of program VBqh0ynB2wv,OK,1759484768679,1759484768730,51,,,,,false
request,,,Go to second page of program VBqh0ynB2wv,OK,1759484768731,1759484768810,79,,,,,false
request,,,Go back to first page of program VBqh0ynB2wv,OK,1759484768811,1759484768865,54,,,,,false
request,,,Get first event,OK,1759484768866,1759484768886,20,,,,,false
request,,,Get relationships for first event,OK,1759484768887,1759484768893,6,,,,,false
request,,,Go to first page of program VBqh0ynB2wv,OK,1759484768893,1759484768949,56,,,,,false
request,,,Go to second page of program VBqh0ynB2wv,OK,1759484768950,1759484769044,94,,,,,false
request,,,Go back to first page of program VBqh0ynB2wv,OK,1759484769045,1759484769097,52,,,,,false
request,,,Get first event,OK,1759484769098,1759484769117,19,,,,,false
request,,,Get relationships for first event,OK,1759484769118,1759484769125,7,,,,,false
request,,,Go to first page of program VBqh0ynB2wv,OK,1759484769126,1759484769180,54,,,,,false
request,,,Go to second page of program VBqh0ynB2wv,OK,1759484769180,1759484769264,84,,,,,false
request,,,Go back to first page of program VBqh0ynB2wv,OK,1759484769265,1759484769315,50,,,,,false
request,,,Get first event,OK,1759484769316,1759484769333,17,,,,,false
request,,,Get relationships for first event,OK,1759484769334,1759484769340,6,,,,,false
request,,,Go to first page of program VBqh0ynB2wv,OK,1759484769341,1759484769390,49,,,,,false
request,,,Go to second page of program VBqh0ynB2wv,OK,1759484769390,1759484769465,75,,,,,false
request,,,Go back to first page of program VBqh0ynB2wv,OK,1759484769466,1759484769514,48,,,,,false
request,,,Get first event,OK,1759484769515,1759484769533,18,,,,,false
request,,,Get relationships for first event,OK,1759484769533,1759484769539,6,,,,,false
request,,,Go to first page of program VBqh0ynB2wv,OK,1759484769539,1759484769587,48,,,,,false
request,,,Go to second page of program VBqh0ynB2wv,OK,1759484769587,1759484769662,75,,,,,false
request,,,Go back to first page of program VBqh0ynB2wv,OK,1759484769663,1759484769711,48,,,,,false
request,,,Get first event,OK,1759484769712,1759484769729,17,,,,,false
request,,,Get relationships for first event,OK,1759484769730,1759484769736,6,,,,,false
request,,,Go to first page of program VBqh0ynB2wv,OK,1759484769736,1759484769787,51,,,,,false
request,,,Go to second page of program VBqh0ynB2wv,OK,1759484769788,1759484769863,75,,,,,false
request,,,Go back to first page of program VBqh0ynB2wv,OK,1759484769863,1759484769913,50,,,,,false
request,,,Get first event,OK,1759484769914,1759484769931,17,,,,,false
request,,,Get relationships for first event,OK,1759484769932,1759484769937,5,,,,,false
request,,,Go to first page of program VBqh0ynB2wv,OK,1759484769938,1759484769994,56,,,,,false
request,,,Go to second page of program VBqh0ynB2wv,OK,1759484769994,1759484770069,75,,,,,false
request,,,Go back to first page of program VBqh0ynB2wv,OK,1759484770069,1759484770121,52,,,,,false
request,,,Get first event,OK,1759484770122,1759484770139,17,,,,,false
request,,,Get relationships for first event,OK,1759484770139,1759484770145,6,,,,,false
request,,,Go to first page of program VBqh0ynB2wv,OK,1759484770146,1759484770195,49,,,,,false
request,,,Go to second page of program VBqh0ynB2wv,OK,1759484770195,1759484770271,76,,,,,false
request,,,Go back to first page of program VBqh0ynB2wv,OK,1759484770272,1759484770323,51,,,,,false
request,,,Get first event,OK,1759484770324,1759484770346,22,,,,,false
request,,,Get relationships for first event,OK,1759484770347,1759484770352,5,,,,,false
request,,,Go to first page of program VBqh0ynB2wv,OK,1759484770353,1759484770402,49,,,,,false
request,,,Go to second page of program VBqh0ynB2wv,OK,1759484770403,1759484770484,81,,,,,false
request,,,Go back to first page of program VBqh0ynB2wv,OK,1759484770484,1759484770534,50,,,,,false
request,,,Get first event,OK,1759484770535,1759484770552,17,,,,,false
request,,,Get relationships for first event,OK,1759484770552,1759484770558,6,,,,,false
request,,,Go to first page of program VBqh0ynB2wv,OK,1759484770558,1759484770609,51,,,,,false
request,,,Go to second page of program VBqh0ynB2wv,OK,1759484770610,1759484770687,77,,,,,false
request,,,Go back to first page of program VBqh0ynB2wv,OK,1759484770688,1759484770738,50,,,,,false
request,,,Get first event,OK,1759484770739,1759484770757,18,,,,,false
request,,,Get relationships for first event,OK,1759484770757,1759484770763,6,,,,,false
request,,,Go to first page of program VBqh0ynB2wv,OK,1759484770763,1759484770811,48,,,,,false
request,,,Go to second page of program VBqh0ynB2wv,OK,1759484770811,1759484770887,76,,,,,false
request,,,Go back to first page of program VBqh0ynB2wv,OK,1759484770888,1759484770937,49,,,,,false
request,,,Get first event,OK,1759484770938,1759484770955,17,,,,,false
request,,,Get relationships for first event,OK,1759484770955,1759484770961,6,,,,,false
request,,,Go to first page of program VBqh0ynB2wv,OK,1759484770961,1759484771009,48,,,,,false
request,,,Go to second page of program VBqh0ynB2wv,OK,1759484771010,1759484771092,82,,,,,false
request,,,Go back to first page of program VBqh0ynB2wv,OK,1759484771093,1759484771140,47,,,,,false
request,,,Get first event,OK,1759484771141,1759484771159,18,,,,,false
request,,,Get relationships for first event,OK,1759484771159,1759484771165,6,,,,,false
request,,,Go to first page of program VBqh0ynB2wv,OK,1759484771165,1759484771212,47,,,,,false
request,,,Go to second page of program VBqh0ynB2wv,OK,1759484771213,1759484771299,86,,,,,false
request,,,Go back to first page of program VBqh0ynB2wv,OK,1759484771300,1759484771348,48,,,,,false
request,,,Get first event,OK,1759484771349,1759484771366,17,,,,,false
request,,,Get relationships for first event,OK,1759484771366,1759484771372,6,,,,,false
request,,,Go to first page of program VBqh0ynB2wv,OK,1759484771373,1759484771425,52,,,,,false
request,,,Go to second page of program VBqh0ynB2wv,OK,1759484771425,1759484771503,78,,,,,false
request,,,Go back to first page of program VBqh0ynB2wv,OK,1759484771503,1759484771554,51,,,,,false
request,,,Get first event,OK,1759484771555,1759484771572,17,,,,,false
request,,,Get relationships for first event,OK,1759484771573,1759484771578,5,,,,,false
request,,,Go to first page of program VBqh0ynB2wv,OK,1759484771578,1759484771628,50,,,,,false
request,,,Go to second page of program VBqh0ynB2wv,OK,1759484771629,1759484771714,85,,,,,false
request,,,Go back to first page of program VBqh0ynB2wv,OK,1759484771715,1759484771770,55,,,,,false
request,,,Get first event,OK,1759484771771,1759484771790,19,,,,,false
request,,,Get relationships for first event,OK,1759484771790,1759484771796,6,,,,,false
request,,,Go to first page of program VBqh0ynB2wv,OK,1759484771797,1759484771847,50,,,,,false
request,,,Go to second page of program VBqh0ynB2wv,OK,1759484771848,1759484771930,82,,,,,false
request,,,Go back to first page of program VBqh0ynB2wv,OK,1759484771930,1759484771980,50,,,,,false
request,,,Get first event,OK,1759484771981,1759484771999,18,,,,,false
request,,,Get relationships for first event,OK,1759484771999,1759484772005,6,,,,,false
request,,,Go to first page of program VBqh0ynB2wv,OK,1759484772006,1759484772056,50,,,,,false
request,,,Go to second page of program VBqh0ynB2wv,OK,1759484772057,1759484772134,77,,,,,false
request,,,Go back to first page of program VBqh0ynB2wv,OK,1759484772134,1759484772183,49,,,,,false
request,,,Get first event,OK,1759484772184,1759484772201,17,,,,,false
request,,,Get relationships for first event,OK,1759484772201,1759484772207,6,,,,,false
request,,,Go to first page of program VBqh0ynB2wv,OK,1759484772207,1759484772256,49,,,,,false
request,,,Go to second page of program VBqh0ynB2wv,OK,1759484772257,1759484772333,76,,,,,false
request,,,Go back to first page of program VBqh0ynB2wv,OK,1759484772333,1759484772382,49,,,,,false
request,,,Get first event,OK,1759484772383,1759484772400,17,,,,,false
request,,,Get relationships for first event,OK,1759484772400,1759484772406,6,,,,,false
request,,,Go to first page of program VBqh0ynB2wv,OK,1759484772406,1759484772458,52,,,,,false
request,,,Go to second page of program VBqh0ynB2wv,OK,1759484772458,1759484772535,77,,,,,false
request,,,Go back to first page of program VBqh0ynB2wv,OK,1759484772535,1759484772584,49,,,,,false
request,,,Get first event,OK,1759484772585,1759484772618,33,,,,,false
request,,,Get relationships for first event,OK,1759484772618,1759484772623,5,,,,,false
request,,,Go to first page of program VBqh0ynB2wv,OK,1759484772624,1759484772675,51,,,,,false
request,,,Go to second page of program VBqh0ynB2wv,OK,1759484772676,1759484772768,92,,,,,false
request,,,Go back to first page of program VBqh0ynB2wv,OK,1759484772768,1759484772818,50,,,,,false
request,,,Get first event,OK,1759484772819,1759484772835,16,,,,,false
request,,,Get relationships for first event,OK,1759484772835,1759484772840,5,,,,,false
request,,,Go to first page of program VBqh0ynB2wv,OK,1759484772841,1759484772889,48,,,,,false
request,,,Go to second page of program VBqh0ynB2wv,OK,1759484772889,1759484772967,78,,,,,false
request,,,Go back to first page of program VBqh0ynB2wv,OK,1759484772968,1759484773018,50,,,,,false
request,,,Get first event,OK,1759484773019,1759484773035,16,,,,,false
request,,,Get relationships for first event,OK,1759484773036,1759484773041,5,,,,,false
request,,,Go to first page of program VBqh0ynB2wv,OK,1759484773041,1759484773090,49,,,,,false
request,,,Go to second page of program VBqh0ynB2wv,OK,1759484773091,1759484773165,74,,,,,false
request,,,Go back to first page of program VBqh0ynB2wv,OK,1759484773166,1759484773214,48,,,,,false
request,,,Get first event,OK,1759484773215,1759484773231,16,,,,,false
request,,,Get relationships for first event,OK,1759484773232,1759484773237,5,,,,,false
request,,,Go to first page of program VBqh0ynB2wv,OK,1759484773237,1759484773286,49,,,,,false
request,,,Go to second page of program VBqh0ynB2wv,OK,1759484773286,1759484773361,75,,,,,false
request,,,Go back to first page of program VBqh0ynB2wv,OK,1759484773361,1759484773408,47,,,,,false
request,,,Get first event,OK,1759484773409,1759484773426,17,,,,,false
request,,,Get relationships for first event,OK,1759484773426,1759484773431,5,,,,,false
request,,,Go to first page of program VBqh0ynB2wv,OK,1759484773431,1759484773480,49,,,,,false
request,,,Go to second page of program VBqh0ynB2wv,OK,1759484773481,1759484773559,78,,,,,false
request,,,Go back to first page of program VBqh0ynB2wv,OK,1759484773559,1759484773609,50,,,,,false
request,,,Get first event,OK,1759484773610,1759484773626,16,,,,,false
request,,,Get relationships for first event,OK,1759484773627,1759484773632,5,,,,,false
request,,,Go to first page of program VBqh0ynB2wv,OK,1759484773632,1759484773681,49,,,,,false
request,,,Go to second page of program VBqh0ynB2wv,OK,1759484773681,1759484773757,76,,,,,false
request,,,Go back to first page of program VBqh0ynB2wv,OK,1759484773758,1759484773807,49,,,,,false
request,,,Get first event,OK,1759484773808,1759484773825,17,,,,,false
request,,,Get relationships for first event,OK,1759484773825,1759484773831,6,,,,,false
request,,,Go to first page of program VBqh0ynB2wv,OK,1759484773832,1759484773881,49,,,,,false
request,,,Go to second page of program VBqh0ynB2wv,OK,1759484773881,1759484773957,76,,,,,false
request,,,Go back to first page of program VBqh0ynB2wv,OK,1759484773958,1759484774005,47,,,,,false
request,,,Get first event,OK,1759484774007,1759484774023,16,,,,,false
request,,,Get relationships for first event,OK,1759484774023,1759484774028,5,,,,,false
request,,,Go to first page of program VBqh0ynB2wv,OK,1759484774029,1759484774077,48,,,,,false
request,,,Go to second page of program VBqh0ynB2wv,OK,1759484774078,1759484774155,77,,,,,false
request,,,Go back to first page of program VBqh0ynB2wv,OK,1759484774155,1759484774204,49,,,,,false
request,,,Get first event,OK,1759484774205,1759484774221,16,,,,,false
request,,,Get relationships for first event,OK,1759484774221,1759484774226,5,,,,,false
request,,,Go to first page of program VBqh0ynB2wv,OK,1759484774227,1759484774279,52,,,,,false
request,,,Go to second page of program VBqh0ynB2wv,OK,1759484774279,1759484774365,86,,,,,false
request,,,Go back to first page of program VBqh0ynB2wv,OK,1759484774365,1759484774420,55,,,,,false
request,,,Get first event,OK,1759484774421,1759484774439,18,,,,,false
request,,,Get relationships for first event,OK,1759484774439,1759484774445,6,,,,,false
request,,,Go to first page of program VBqh0ynB2wv,OK,1759484774445,1759484774509,64,,,,,false
request,,,Go to second page of program VBqh0ynB2wv,OK,1759484774510,1759484774586,76,,,,,false
request,,,Go back to first page of program VBqh0ynB2wv,OK,1759484774586,1759484774634,48,,,,,false
request,,,Get first event,OK,1759484774635,1759484774652,17,,,,,false
request,,,Get relationships for first event,OK,1759484774653,1759484774659,6,,,,,false
request,,,Go to first page of program VBqh0ynB2wv,OK,1759484774659,1759484774708,49,,,,,false
request,,,Go to second page of program VBqh0ynB2wv,OK,1759484774708,1759484774785,77,,,,,false
request,,,Go back to first page of program VBqh0ynB2wv,OK,1759484774785,1759484774833,48,,,,,false
request,,,Get first event,OK,1759484774834,1759484774850,16,,,,,false
request,,,Get relationships for first event,OK,1759484774850,1759484774855,5,,,,,false
request,,,Go to first page of program VBqh0ynB2wv,OK,1759484774856,1759484774908,52,,,,,false
request,,,Go to second page of program VBqh0ynB2wv,OK,1759484774908,1759484774988,80,,,,,false
request,,,Go back to first page of program VBqh0ynB2wv,OK,1759484774988,1759484775042,54,,,,,false
request,,,Get first event,OK,1759484775043,1759484775059,16,,,,,false
request,,,Get relationships for first event,OK,1759484775059,1759484775065,6,,,,,false
request,,,Go to first page of program VBqh0ynB2wv,OK,1759484775065,1759484775116,51,,,,,false
request,,,Go to second page of program VBqh0ynB2wv,OK,1759484775116,1759484775194,78,,,,,false
request,,,Go back to first page of program VBqh0ynB2wv,OK,1759484775195,1759484775243,48,,,,,false
request,,,Get first event,OK,1759484775244,1759484775260,16,,,,,false
request,,,Get relationships for first event,OK,1759484775260,1759484775265,5,,,,,false
request,,,Go to first page of program VBqh0ynB2wv,OK,1759484775266,1759484775315,49,,,,,false
request,,,Go to second page of program VBqh0ynB2wv,OK,1759484775315,1759484775393,78,,,,,false
request,,,Go back to first page of program VBqh0ynB2wv,OK,1759484775393,1759484775442,49,,,,,false
request,,,Get first event,OK,1759484775442,1759484775459,17,,,,,false
request,,,Get relationships for first event,OK,1759484775459,1759484775464,5,,,,,false
request,,,Go to first page of program VBqh0ynB2wv,OK,1759484775465,1759484775516,51,,,,,false
request,,,Go to second page of program VBqh0ynB2wv,OK,1759484775517,1759484775600,83,,,,,false
request,,,Go back to first page of program VBqh0ynB2wv,OK,1759484775601,1759484775653,52,,,,,false
request,,,Get first event,OK,1759484775653,1759484775669,16,,,,,false
request,,,Get relationships for first event,OK,1759484775670,1759484775674,4,,,,,false
request,,,Go to first page of program VBqh0ynB2wv,OK,1759484775675,1759484775726,51,,,,,false
request,,,Go to second page of program VBqh0ynB2wv,OK,1759484775726,1759484775803,77,,,,,false
request,,,Go back to first page of program VBqh0ynB2wv,OK,1759484775803,1759484775850,47,,,,,false
request,,,Get first event,OK,1759484775851,1759484775867,16,,,,,false
request,,,Get relationships for first event,OK,1759484775867,1759484775872,5,,,,,false
request,,,Go to first page of program VBqh0ynB2wv,OK,1759484775872,1759484775920,48,,,,,false
request,,,Go to second page of program VBqh0ynB2wv,OK,1759484775920,1759484775997,77,,,,,false
request,,,Go back to first page of program VBqh0ynB2wv,OK,1759484775998,1759484776046,48,,,,,false
request,,,Get first event,OK,1759484776047,1759484776063,16,,,,,false
request,,,Get relationships for first event,OK,1759484776063,1759484776068,5,,,,,false
request,,,Go to first page of program VBqh0ynB2wv,OK,1759484776068,1759484776118,50,,,,,false
request,,,Go to second page of program VBqh0ynB2wv,OK,1759484776118,1759484776194,76,,,,,false
request,,,Go back to first page of program VBqh0ynB2wv,OK,1759484776194,1759484776242,48,,,,,false
request,,,Get first event,OK,1759484776243,1759484776265,22,,,,,false
request,,,Get relationships for first event,OK,1759484776265,1759484776270,5,,,,,false
request,,,Go to first page of program VBqh0ynB2wv,OK,1759484776271,1759484776322,51,,,,,false
request,,,Go to second page of program VBqh0ynB2wv,OK,1759484776322,1759484776404,82,,,,,false
request,,,Go back to first page of program VBqh0ynB2wv,OK,1759484776404,1759484776461,57,,,,,false
request,,,Get first event,OK,1759484776462,1759484776478,16,,,,,false
request,,,Get relationships for first event,OK,1759484776478,1759484776483,5,,,,,false
request,,,Go to first page of program VBqh0ynB2wv,OK,1759484776483,1759484776534,51,,,,,false
request,,,Go to second page of program VBqh0ynB2wv,OK,1759484776534,1759484776614,80,,,,,false
request,,,Go back to first page of program VBqh0ynB2wv,OK,1759484776614,1759484776662,48,,,,,false
request,,,Get first event,OK,1759484776662,1759484776679,17,,,,,false
request,,,Get relationships for first event,OK,1759484776679,1759484776684,5,,,,,false
request,,,Go to first page of program VBqh0ynB2wv,OK,1759484776685,1759484776733,48,,,,,false
request,,,Go to second page of program VBqh0ynB2wv,OK,1759484776734,1759484776811,77,,,,,false
request,,,Go back to first page of program VBqh0ynB2wv,OK,1759484776811,1759484776859,48,,,,,false
request,,,Get first event,OK,1759484776860,1759484776876,16,,,,,false
request,,,Get relationships for first event,OK,1759484776876,1759484776881,5,,,,,false
request,,,Go to first page of program VBqh0ynB2wv,OK,1759484776881,1759484776930,49,,,,,false
request,,,Go to second page of program VBqh0ynB2wv,OK,1759484776931,1759484777007,76,,,,,false
request,,,Go back to first page of program VBqh0ynB2wv,OK,1759484777007,1759484777056,49,,,,,false
request,,,Get first event,OK,1759484777057,1759484777073,16,,,,,false
request,,,Get relationships for first event,OK,1759484777073,1759484777078,5,,,,,false
request,,,Go to first page of program VBqh0ynB2wv,OK,1759484777079,1759484777130,51,,,,,false
request,,,Go to second page of program VBqh0ynB2wv,OK,1759484777131,1759484777214,83,,,,,false
request,,,Go back to first page of program VBqh0ynB2wv,OK,1759484777215,1759484777264,49,,,,,false
request,,,Get first event,OK,1759484777265,1759484777281,16,,,,,false
request,,,Get relationships for first event,OK,1759484777282,1759484777287,5,,,,,false
request,,,Go to first page of program VBqh0ynB2wv,OK,1759484777287,1759484777336,49,,,,,false
request,,,Go to second page of program VBqh0ynB2wv,OK,1759484777336,1759484777412,76,,,,,false
request,,,Go back to first page of program VBqh0ynB2wv,OK,1759484777413,1759484777461,48,,,,,false
request,,,Get first event,OK,1759484777462,1759484777478,16,,,,,false
request,,,Get relationships for first event,OK,1759484777478,1759484777483,5,,,,,false
request,,,Go to first page of program VBqh0ynB2wv,OK,1759484777483,1759484777531,48,,,,,false
request,,,Go to second page of program VBqh0ynB2wv,OK,1759484777531,1759484777608,77,,,,,false
request,,,Go back to first page of program VBqh0ynB2wv,OK,1759484777608,1759484777656,48,,,,,false
request,,,Get first event,OK,1759484777657,1759484777672,15,,,,,false
request,,,Get relationships for first event,OK,1759484777672,1759484777677,5,,,,,false
request,,,Go to first page of program VBqh0ynB2wv,OK,1759484777677,1759484777725,48,,,,,false
request,,,Go to second page of program VBqh0ynB2wv,OK,1759484777725,1759484777820,95,,,,,false
request,,,Go back to first page of program VBqh0ynB2wv,OK,1759484777820,1759484777868,48,,,,,false
request,,,Get first event,OK,1759484777869,1759484777885,16,,,,,false
request,,,Get relationships for first event,OK,1759484777885,1759484777891,6,,,,,false
request,,,Go to first page of program VBqh0ynB2wv,OK,1759484777891,1759484777940,49,,,,,false
request,,,Go to second page of program VBqh0ynB2wv,OK,1759484777940,1759484778017,77,,,,,false
request,,,Go back to first page of program VBqh0ynB2wv,OK,1759484778017,1759484778063,46,,,,,false
request,,,Get first event,OK,1759484778064,1759484778079,15,,,,,false
request,,,Get relationships for first event,OK,1759484778079,1759484778084,5,,,,,false
request,,,Go to first page of program VBqh0ynB2wv,OK,1759484778084,1759484778132,48,,,,,false
request,,,Go to second page of program VBqh0ynB2wv,OK,1759484778132,1759484778207,75,,,,,false
request,,,Go back to first page of program VBqh0ynB2wv,OK,1759484778207,1759484778254,47,,,,,false
request,,,Get first event,OK,1759484778255,1759484778270,15,,,,,false
request,,,Get relationships for first event,OK,1759484778270,1759484778275,5,,,,,false
request,,,Go to first page of program VBqh0ynB2wv,OK,1759484778275,1759484778323,48,,,,,false
request,,,Go to second page of program VBqh0ynB2wv,OK,1759484778323,1759484778399,76,,,,,false
request,,,Go back to first page of program VBqh0ynB2wv,OK,1759484778400,1759484778448,48,,,,,false
request,,,Get first event,OK,1759484778448,1759484778463,15,,,,,false
request,,,Get relationships for first event,OK,1759484778464,1759484778468,4,,,,,false
request,,,Go to first page of program VBqh0ynB2wv,OK,1759484778469,1759484778518,49,,,,,false
request,,,Go to second page of program VBqh0ynB2wv,OK,1759484778518,1759484778593,75,,,,,false
request,,,Go back to first page of program VBqh0ynB2wv,OK,1759484778594,1759484778642,48,,,,,false
request,,,Get first event,OK,1759484778642,1759484778658,16,,,,,false
request,,,Get relationships for first event,OK,1759484778659,1759484778663,4,,,,,false
request,,,Go to first page of program VBqh0ynB2wv,OK,1759484778664,1759484778712,48,,,,,false
request,,,Go to second page of program VBqh0ynB2wv,OK,1759484778713,1759484778789,76,,,,,false
request,,,Go back to first page of program VBqh0ynB2wv,OK,1759484778790,1759484778839,49,,,,,false
request,,,Get first event,OK,1759484778839,1759484778854,15,,,,,false
request,,,Get relationships for first event,OK,1759484778855,1759484778859,4,,,,,false
request,,,Go to first page of program VBqh0ynB2wv,OK,1759484778860,1759484778909,49,,,,,false
request,,,Go to second page of program VBqh0ynB2wv,OK,1759484778910,1759484778986,76,,,,,false
request,,,Go back to first page of program VBqh0ynB2wv,OK,1759484778986,1759484779035,49,,,,,false
request,,,Get first event,OK,1759484779036,1759484779051,15,,,,,false
request,,,Get relationships for first event,OK,1759484779052,1759484779057,5,,,,,false
request,,,Go to first page of program VBqh0ynB2wv,OK,1759484779057,1759484779106,49,,,,,false
request,,,Go to second page of program VBqh0ynB2wv,OK,1759484779106,1759484779182,76,,,,,false
request,,,Go back to first page of program VBqh0ynB2wv,OK,1759484779182,1759484779231,49,,,,,false
request,,,Get first event,OK,1759484779232,1759484779247,15,,,,,false
request,,,Get relationships for first event,OK,1759484779247,1759484779252,5,,,,,false
request,,,Go to first page of program VBqh0ynB2wv,OK,1759484779253,1759484779300,47,,,,,false
request,,,Go to second page of program VBqh0ynB2wv,OK,1759484779301,1759484779376,75,,,,,false
request,,,Go back to first page of program VBqh0ynB2wv,OK,1759484779376,1759484779424,48,,,,,false
request,,,Get first event,OK,1759484779425,1759484779440,15,,,,,false
request,,,Get relationships for first event,OK,1759484779441,1759484779445,4,,,,,false
request,,,Go to first page of program VBqh0ynB2wv,OK,1759484779446,1759484779497,51,,,,,false
request,,,Go to second page of program VBqh0ynB2wv,OK,1759484779498,1759484779575,77,,,,,false
request,,,Go back to first page of program VBqh0ynB2wv,OK,1759484779575,1759484779624,49,,,,,false
request,,,Get first event,OK,1759484779624,1759484779639,15,,,,,false
request,,,Get relationships for first event,OK,1759484779640,1759484779644,4,,,,,false
request,,,Go to first page of program VBqh0ynB2wv,OK,1759484779645,1759484779694,49,,,,,false
request,,,Go to second page of program VBqh0ynB2wv,OK,1759484779694,1759484779771,77,,,,,false
request,,,Go back to first page of program VBqh0ynB2wv,OK,1759484779771,1759484779820,49,,,,,false
request,,,Get first event,OK,1759484779821,1759484779836,15,,,,,false
request,,,Get relationships for first event,OK,1759484779836,1759484779841,5,,,,,false
request,,,Go to first page of program VBqh0ynB2wv,OK,1759484779841,1759484779891,50,,,,,false
request,,,Go to second page of program VBqh0ynB2wv,OK,1759484779891,1759484779971,80,,,,,false
request,,,Go back to first page of program VBqh0ynB2wv,OK,1759484779972,1759484780023,51,,,,,false
request,,,Get first event,OK,1759484780024,1759484780038,14,,,,,false
request,,,Get relationships for first event,OK,1759484780039,1759484780044,5,,,,,false
request,,,Go to first page of program VBqh0ynB2wv,OK,1759484780044,1759484780092,48,,,,,false
request,,,Go to second page of program VBqh0ynB2wv,OK,1759484780092,1759484780166,74,,,,,false
request,,,Go back to first page of program VBqh0ynB2wv,OK,1759484780167,1759484780215,48,,,,,false
request,,,Get first event,OK,1759484780215,1759484780230,15,,,,,false
request,,,Get relationships for first event,OK,1759484780231,1759484780235,4,,,,,false
request,,,Go to first page of program VBqh0ynB2wv,OK,1759484780236,1759484780284,48,,,,,false
request,,,Go to second page of program VBqh0ynB2wv,OK,1759484780284,1759484780360,76,,,,,false
request,,,Go back to first page of program VBqh0ynB2wv,OK,1759484780360,1759484780407,47,,,,,false
request,,,Get first event,OK,1759484780408,1759484780423,15,,,,,false
request,,,Get relationships for first event,OK,1759484780424,1759484780428,4,,,,,false
request,,,Go to first page of program VBqh0ynB2wv,OK,1759484780429,1759484780479,50,,,,,false
request,,,Go to second page of program VBqh0ynB2wv,OK,1759484780479,1759484780558,79,,,,,false
request,,,Go back to first page of program VBqh0ynB2wv,OK,1759484780559,1759484780606,47,,,,,false
request,,,Get first event,OK,1759484780607,1759484780622,15,,,,,false
request,,,Get relationships for first event,OK,1759484780623,1759484780627,4,,,,,false
request,,,Go to first page of program VBqh0ynB2wv,OK,1759484780627,1759484780675,48,,,,,false
request,,,Go to second page of program VBqh0ynB2wv,OK,1759484780675,1759484780751,76,,,,,false
request,,,Go back to first page of program VBqh0ynB2wv,OK,1759484780752,1759484780800,48,,,,,false
request,,,Get first event,OK,1759484780801,1759484780816,15,,,,,false
request,,,Get relationships for first event,OK,1759484780816,1759484780821,5,,,,,false
request,,,Go to first page of program VBqh0ynB2wv,OK,1759484780821,1759484780869,48,,,,,false
request,,,Go to second page of program VBqh0ynB2wv,OK,1759484780869,1759484780952,83,,,,,false
request,,,Go back to first page of program VBqh0ynB2wv,OK,1759484780952,1759484781000,48,,,,,false
request,,,Get first event,OK,1759484781001,1759484781017,16,,,,,false
request,,,Get relationships for first event,OK,1759484781017,1759484781022,5,,,,,false
request,,,Go to first page of program VBqh0ynB2wv,OK,1759484781022,1759484781069,47,,,,,false
request,,,Go to second page of program VBqh0ynB2wv,OK,1759484781070,1759484781145,75,,,,,false
request,,,Go back to first page of program VBqh0ynB2wv,OK,1759484781146,1759484781193,47,,,,,false
request,,,Get first event,OK,1759484781193,1759484781209,16,,,,,false
request,,,Get relationships for first event,OK,1759484781209,1759484781214,5,,,,,false
request,,,Go to first page of program VBqh0ynB2wv,OK,1759484781214,1759484781262,48,,,,,false
request,,,Go to second page of program VBqh0ynB2wv,OK,1759484781262,1759484781354,92,,,,,false
request,,,Go back to first page of program VBqh0ynB2wv,OK,1759484781354,1759484781402,48,,,,,false
request,,,Get first event,OK,1759484781402,1759484781418,16,,,,,false
request,,,Get relationships for first event,OK,1759484781419,1759484781423,4,,,,,false
request,,,Go to first page of program VBqh0ynB2wv,OK,1759484781423,1759484781470,47,,,,,false
request,,,Go to second page of program VBqh0ynB2wv,OK,1759484781470,1759484781544,74,,,,,false
request,,,Go back to first page of program VBqh0ynB2wv,OK,1759484781544,1759484781592,48,,,,,false
request,,,Get first event,OK,1759484781593,1759484781608,15,,,,,false
request,,,Get relationships for first event,OK,1759484781608,1759484781612,4,,,,,false
request,,,Go to first page of program VBqh0ynB2wv,OK,1759484781613,1759484781662,49,,,,,false
request,,,Go to second page of program VBqh0ynB2wv,OK,1759484781663,1759484781741,78,,,,,false
request,,,Go back to first page of program VBqh0ynB2wv,OK,1759484781742,1759484781791,49,,,,,false
request,,,Get first event,OK,1759484781792,1759484781808,16,,,,,false
request,,,Get relationships for first event,OK,1759484781808,1759484781814,6,,,,,false
